household_id,person_number,puma_area_code,age_years,sex,race_code,education_code,marital_status,wages_income,total_personal_income,income_to_poverty_ratio,employment_status_code
2023HU0077537,3,106,2,2,2,,5,,,164,
2023HU1395966,1,105,41,1,1,21,5,84000,84000,501,1
2023HU0898596,1,103,72,2,3,20,3,30000,38900,272,1
2023HU0548071,2,101,69,2,9,24,1,0,430,501,6
2023HU0057921,3,103,1,2,1,,5,,,501,
2023HU0697695,3,102,77,1,2,16,3,23700,60000,412,1
2023HU0246583,5,103,0,2,9,,5,,,429,
2023HU1109417,1,105,33,2,9,24,1,321000,321000,501,1
2023GQ0094370,1,102,20,2,1,19,5,3100,3100,,6
2023HU0265857,1,102,34,2,1,21,5,580000,580000,501,1
2023GQ0156559,1,106,18,2,1,18,5,0,0,,6
2023HU0431092,1,105,34,2,1,23,5,370000,370000,501,1
2023HU0615944,1,101,23,2,6,21,5,0,0,0,6
2023HU0182811,1,103,28,1,1,23,5,103000,103000,501,1
2023HU0137564,1,104,88,2,2,16,2,0,43000,501,6
2023HU0127135,2,101,68,2,1,21,1,75000,210000,501,1
2023HU0482605,1,101,48,2,1,24,5,183000,183000,501,1
2023HU0194416,1,101,64,2,1,22,5,0,37000,243,6
2023HU1324867,2,103,55,1,9,21,1,27000,27000,501,1
2023GQ0158885,1,105,19,2,2,16,5,5600,5600,,6
2023HU1083080,2,102,45,2,1,20,1,115000,115000,501,1
2023HU0243141,1,106,27,2,1,22,5,107000,107000,501,1
2023HU1370774,1,105,21,2,1,21,5,8600,8600,258,1
2023HU1340735,1,105,26,2,1,21,5,79000,79460,501,1
2023HU0705323,2,101,56,1,1,21,5,250000,250000,501,1
2023HU0805119,1,106,77,1,1,24,1,137000,147000,501,1
2023HU0189503,1,105,72,1,1,24,1,30400,165200,501,6
2023HU0077491,1,104,34,2,2,16,5,56000,56000,232,1
2023HU0645261,2,104,57,1,2,17,3,41600,41600,501,1
2023HU1076645,3,106,34,1,1,22,5,60000,60000,380,1
2023HU1411585,1,101,72,1,1,23,1,0,82000,501,6
2023HU0961832,2,104,1,1,2,,5,,,3,
2023HU0402980,2,105,27,2,1,21,5,70000,70000,445,1
2023HU0614273,2,101,58,1,1,23,1,435000,636000,501,1
2023HU0212309,1,102,81,2,2,16,2,0,80000,501,6
2023HU0351952,1,106,30,2,6,22,5,0,0,0,6
2023HU0163375,1,106,48,2,2,16,5,0,330,1,6
2023HU1220111,1,103,29,2,2,23,5,67000,67000,434,1
2023HU0341369,4,102,4,2,1,1,5,,,501,
2023HU0189179,1,102,42,1,1,21,1,150000,152000,501,1
2023HU0197522,1,105,62,1,1,23,1,300000,300000,501,1
2023HU0606554,1,101,35,1,1,21,1,150000,180000,501,1
2023HU0806705,2,102,37,2,1,22,1,110000,112500,501,1
2023HU0629579,1,101,36,1,1,23,1,500000,500000,501,1
2023HU1084744,1,102,40,1,1,23,1,489000,486100,501,1
2023HU0025632,1,106,27,1,1,23,5,0,0,0,6
2023GQ0027005,1,103,20,1,9,19,5,0,0,,3
2023GQ0142320,1,101,25,2,1,21,5,53000,53000,,1
2023HU1010963,1,101,50,1,6,24,1,300000,300000,501,1
2023GQ0014276,1,106,20,1,6,16,5,1400,1400,,1
2023HU1383253,2,103,49,1,6,16,5,185000,185000,501,1
2023HU0871934,2,103,66,2,1,21,1,200000,200100,501,1
2023HU0015911,3,103,2,2,9,,5,,,501,
2023HU0047767,2,105,67,1,1,19,1,127000,386000,501,6
2023GQ0079061,1,106,66,1,2,1,5,0,23300,165,6
2023HU0382644,2,102,33,1,9,6,1,40000,40000,170,1
2023HU0996677,1,102,39,2,2,22,1,141000,141000,501,1
2023HU1349060,3,106,4,2,1,2,5,,,501,
2023HU0667813,1,104,78,2,2,16,2,0,54000,370,6
2023HU0569888,1,105,88,2,9,1,2,0,16100,501,6
2023HU0851684,1,103,29,2,1,22,5,130000,134500,501,1
2023HU0785613,3,102,0,1,2,,5,,,397,
2023HU0423799,1,101,26,2,1,21,5,0,0,0,6
2023GQ0102807,1,103,21,2,1,19,5,0,10200,,6
2023HU0886446,3,102,2,2,1,,5,,,501,
2023HU1102473,3,105,1,1,1,,5,,,501,
2023GQ0106873,1,105,18,1,2,18,5,1100,1100,,6
2023HU0996823,5,104,2,1,2,,5,,,150,
2023HU0559895,4,101,2,2,1,,5,,,501,
2023HU0869900,2,101,53,1,1,19,5,0,0,0,6
2023HU0199280,1,102,73,2,2,22,1,0,19200,137,6
2023HU0617231,2,105,25,1,1,21,5,150000,150000,501,1
2023HU1283898,3,106,20,1,1,19,1,3500,3500,501,1
2023HU0054610,1,103,39,1,1,22,1,170000,170000,501,1
2023GQ0109906,1,104,73,1,2,16,5,0,14400,,6
2023HU0258746,1,106,35,2,1,21,5,80000,80000,501,1
2023HU0363615,1,103,34,2,6,19,3,0,37000,235,3
2023HU0287930,1,105,27,2,1,21,5,66000,85900,501,1
2023HU0819833,1,101,70,2,2,24,3,30000,44000,308,1
2023GQ0106325,1,101,19,2,1,19,5,2500,2500,,1
2023HU0872213,1,106,29,1,2,21,5,130000,130000,501,1
2023GQ0018111,1,102,19,2,1,19,5,1300,1830,,6
2023GQ0102779,1,106,20,2,1,18,5,1600,1600,,1
2023HU0434950,2,104,63,2,2,16,3,0,15600,101,6
2023HU0170092,3,104,30,1,2,21,5,40000,40000,435,1
2023HU0537345,4,102,2,1,9,,5,,,501,
2023HU0708851,2,104,41,1,2,15,3,0,0,208,3
2023HU0785844,1,102,45,2,9,22,1,150000,165000,501,1
2023GQ0120150,1,101,19,1,1,18,5,0,0,,6
2023HU0869900,1,101,35,1,1,23,5,80000,80000,501,4
2023GQ0137352,1,106,23,1,2,13,5,0,0,0,6
2023HU0989324,4,106,13,1,9,10,5,,,501,
2023HU1337944,2,103,52,1,1,22,1,200,200,328,1
2023HU0996823,2,104,36,2,2,22,1,28000,28000,150,1
2023HU0996677,3,102,0,2,2,,5,,,501,
2023HU0277671,2,103,36,1,1,22,1,175000,172100,501,1
2023HU0978502,1,105,38,2,1,21,5,190000,190000,501,1
2023HU0600767,1,103,47,1,1,21,4,105000,105000,501,1
2023HU0680807,1,104,73,2,2,21,1,0,125000,501,6
2023HU0024279,1,102,78,1,2,22,2,0,40000,285,6
2023HU0088992,1,101,69,2,1,22,1,120000,120000,501,1
2023HU0570508,1,101,77,1,1,23,1,180000,390000,501,1
2023GQ0112219,1,102,81,2,2,20,5,0,10700,,6
2023HU0218783,1,101,94,2,1,24,2,0,40000,279,6
2023HU0140307,1,104,70,1,2,17,5,40000,42800,501,1
2023HU0537345,3,102,6,2,9,2,5,,,501,
2023HU0610075,2,106,20,2,1,19,5,10000,19000,121,1
2023HU1035902,5,102,0,2,6,,5,,,486,
2023HU0682838,3,102,0,1,2,,5,,,421,
2023HU0014133,2,101,54,1,1,23,1,150000,182000,501,1
2023HU1191231,2,104,26,1,2,15,5,0,11700,501,6
2023HU0790107,5,101,25,2,9,21,5,85000,85000,501,1
2023HU1332007,2,106,23,1,6,21,5,0,0,0,6
2023HU1156356,2,102,52,2,9,21,3,90000,90000,501,1
2023HU0648501,1,101,44,2,1,22,3,141000,141000,501,1
2023HU0499613,2,103,63,1,2,23,1,0,14000,464,6
2023HU1089581,1,103,59,1,1,21,1,125000,125000,501,1
2023HU0175801,5,105,10,2,6,6,5,,,501,
2023HU0488684,2,102,62,2,2,21,1,106000,106000,501,1
2023HU0384183,2,106,34,2,6,23,1,77000,98700,501,1
2023HU0604119,3,101,18,2,8,14,5,1000,1000,501,6
2023HU0237997,4,103,0,1,9,,5,,,501,
2023HU0740370,1,105,24,2,1,21,5,60000,60000,380,1
2023HU0010644,1,106,53,2,2,16,5,0,10100,451,6
2023HU1334417,1,105,38,2,1,23,1,100000,100000,501,6
2023HU0891669,2,105,25,2,1,21,5,60000,60000,383,1
2023HU0868989,1,104,64,2,2,13,2,18500,48400,312,1
2023HU1221572,1,101,46,2,1,21,1,120000,120000,501,1
2023HU1293544,1,104,29,2,2,19,5,56000,56000,274,1
2023HU1098832,3,102,2,1,2,,5,,,501,
2023HU1416864,4,102,2,2,1,,5,,,501,
2023HU0461138,1,103,40,1,1,22,1,147000,147000,501,1
2023HU1039321,3,105,36,2,8,22,1,85000,85000,501,1
2023HU0401753,3,105,42,1,2,18,5,10000,10000,294,2
2023HU0458285,1,106,28,1,1,22,5,130000,130000,501,1
2023HU0116549,1,103,44,1,1,21,5,50000,51200,330,1
2023HU1108692,1,104,75,2,2,16,5,0,74600,501,1
2023HU0228030,2,102,42,1,2,22,1,110000,130000,501,1
2023HU1380984,3,101,28,2,1,22,1,48000,48000,501,1
2023GQ0022682,1,102,20,2,2,16,5,1000,1000,,1
2023HU1222014,1,106,50,2,2,16,5,34000,34000,215,1
2023HU0397612,3,101,13,2,1,11,5,,,501,
2023HU0809556,3,101,5,2,1,2,5,,,501,
2023HU0390814,3,103,1,2,1,,5,,,501,
2023HU0340150,1,104,77,2,2,19,3,0,66900,501,6
2023GQ0156171,1,102,25,1,1,21,5,0,0,0,6
2023HU0409841,2,104,31,1,2,16,5,55000,55000,501,1
2023HU0633826,2,105,47,2,1,22,1,870000,885000,501,1
2023HU0719256,2,101,78,2,1,21,1,0,80000,501,6
2023HU0197522,2,105,58,1,6,24,1,0,0,501,6
2023HU0076001,1,104,56,2,2,19,5,0,9600,64,6
2023HU0003578,1,101,80,2,1,21,2,0,2900,20,6
2023HU0274476,2,105,83,2,8,22,1,0,19500,460,6
2023HU0175139,1,104,85,2,2,21,3,0,9100,64,6
2023HU0749495,1,105,29,2,1,22,5,55000,55000,348,1
2023HU0483268,4,101,4,2,8,2,5,,,495,
2023HU1105406,1,106,27,1,9,22,5,62000,62000,407,1
2023HU0269999,2,106,31,2,8,21,1,0,0,501,6
2023HU0185514,3,106,2,2,9,,5,,,501,
2023GQ0057596,1,101,19,2,1,19,5,5000,5000,,1
2023HU1283983,4,101,31,1,9,22,5,0,0,501,6
2023HU0920042,4,103,2,1,8,,5,,,501,
2023HU1032704,1,105,80,2,6,20,2,0,3400,24,6
2023HU1038852,1,103,75,2,2,17,2,0,13200,108,6
2023HU0918723,1,101,54,2,6,22,1,0,374500,501,1
2023HU0220391,2,101,62,1,1,21,1,200000,200000,501,1
2023GQ0176445,1,104,66,1,2,16,5,0,0,,6
2023HU1442950,1,102,44,2,8,23,1,250000,250000,501,1
2023HU0825646,1,103,37,2,1,22,5,82000,82000,501,1
2023HU1198379,1,101,67,2,1,21,3,200000,200000,501,1
2023HU0925862,1,101,45,1,1,22,1,285000,393000,501,1
2023HU1069575,1,103,41,1,1,23,1,140000,145000,501,1
2023HU1185126,1,102,82,2,2,22,2,0,79200,501,6
2023HU0939437,3,101,4,1,1,2,5,,,501,
2023GQ0130858,1,106,17,2,1,18,5,0,0,,6
2023GQ0033353,1,106,23,1,1,22,5,0,6100,,6
2023HU0222525,2,103,60,1,1,23,1,170000,170000,501,1
2023HU0316041,1,105,19,2,9,18,5,18000,18000,117,1
2023HU1141095,1,102,40,2,9,19,1,0,0,107,6
2023GQ0028055,1,103,23,1,1,18,5,3400,3400,,1
2023HU0209097,4,102,1,2,2,,5,,,501,
2023HU0915911,1,101,43,2,1,23,1,190000,190000,501,1
2023HU0272014,2,102,61,2,1,23,1,120000,120000,501,1
2023HU0466297,1,101,65,1,1,23,3,224000,273900,501,1
2023HU0635994,1,104,40,2,1,16,5,0,560,1,3
2023HU0950886,1,101,48,1,1,21,1,115000,115000,501,1
2023HU1445138,3,106,13,2,8,10,5,,,177,
2023HU0169870,1,105,73,1,1,23,5,0,306000,501,6
2023HU1452153,1,103,24,1,1,17,5,42000,42000,201,1
2023HU0680807,2,104,62,1,2,21,1,27300,27580,501,1
2023HU0453997,2,101,40,2,1,24,1,105000,105000,501,1
2023HU0429263,2,104,27,2,2,21,5,8900,8900,501,1
2023HU0140307,2,104,34,1,2,16,5,120000,147000,501,1
2023HU0394126,2,104,50,1,2,22,1,90000,90000,501,1
2023HU0160723,2,104,15,2,2,12,5,0,0,297,
2023HU0473012,3,102,30,1,2,22,5,40000,40000,380,1
2023HU1074827,1,106,37,2,1,21,5,100000,100000,501,1
2023HU0146850,2,106,23,2,1,21,5,55000,55500,352,1
2023GQ0037007,1,106,18,2,6,18,5,0,0,,6
2023HU0504749,1,101,72,2,1,21,4,0,95200,501,6
2023HU0788069,4,102,23,2,8,18,1,38000,38000,501,1
2023HU1156583,1,103,61,1,1,21,5,160000,160000,501,1
2023HU0125629,1,101,75,2,1,22,3,0,78000,501,6
2023HU1307363,3,102,2,2,1,,5,,,501,
2023HU0967016,1,104,71,1,2,16,5,0,34900,246,1
2023HU0492276,1,101,46,1,1,22,5,121000,132500,501,1
2023HU0582652,1,106,55,1,6,19,4,185000,185000,501,1
2023HU0835615,1,101,74,2,1,22,1,0,109000,501,1
2023HU0080244,1,103,55,2,1,22,3,116000,120000,501,1
2023HU0607288,3,101,14,2,2,11,5,,,501,
2023HU0092019,1,106,27,2,1,21,5,100000,100000,501,1
2023HU0226194,1,104,72,2,2,14,5,0,16000,112,6
2023HU1284108,1,103,76,2,2,16,2,0,0,0,6
2023HU0099879,2,101,65,1,6,24,1,0,0,365,6
2023HU0313717,1,105,24,1,9,21,5,21000,18100,114,3
2023HU0889088,1,104,61,2,2,16,1,34000,34000,218,1
2023HU1051247,3,105,0,2,2,,5,,,,
2023HU0220861,1,102,41,1,2,21,1,72000,72000,501,1
2023HU0472766,2,102,36,2,8,16,3,0,0,0,6
2023HU0707080,3,102,62,1,2,21,5,40000,43000,275,1
2023HU1290523,3,104,25,1,2,16,5,517000,517000,501,1
2023HU0991625,3,102,59,2,1,20,5,0,0,0,6
2023HU0487205,2,101,38,2,1,21,1,275000,275000,501,1
2023HU0243311,2,106,28,2,6,23,1,60000,60000,475,1
2023HU0998152,2,103,60,1,1,21,5,0,80000,501,1
2023HU0867554,1,104,45,2,2,16,5,37600,37600,239,1
2023HU0098660,1,106,22,1,6,22,5,0,0,0,6
2023HU0554129,1,105,27,2,1,22,5,64000,64000,418,1
2023GQ0124928,1,106,25,1,1,21,5,7000,12000,,1
2023HU0142794,1,101,31,1,9,22,1,200000,200000,501,1
2023HU1235554,2,102,94,1,2,23,1,0,159600,501,6
2023HU0663685,1,105,45,2,6,23,1,182000,187000,501,1
2023HU0272100,1,105,76,2,2,23,5,0,18000,128,6
2023HU0429811,3,101,61,2,8,5,3,0,0,0,6
2023HU0174413,1,101,29,2,6,22,5,28000,28000,180,1
2023HU0552265,3,104,13,2,2,9,5,,,341,
2023HU1166590,1,106,78,2,2,20,3,0,62000,426,6
2023HU1269457,1,103,29,1,1,22,5,35000,35100,226,1
2023HU0996823,4,104,9,2,2,6,5,,,150,
2023HU1380984,8,101,2,1,9,,5,,,501,
2023HU1022490,2,102,40,2,2,19,1,0,60000,501,1
2023HU1199291,2,104,60,2,2,6,5,0,3600,318,6
2023HU0194848,3,102,1,2,1,,5,,,501,
2023HU1195596,3,101,31,2,6,22,5,17800,39300,501,1
2023HU1345578,1,102,31,2,1,21,1,70000,70000,422,2
2023HU0441447,1,102,69,1,8,22,1,670,48870,501,6
2023HU0051206,2,102,57,1,2,16,1,45000,45000,501,1
2023HU1316192,4,105,19,2,8,15,5,25000,25000,195,1
2023HU1406727,1,105,29,2,1,21,5,175000,175300,501,1
2023HU0839006,3,101,16,2,1,13,5,150,150,501,6
2023HU1023419,1,102,63,1,2,21,2,42000,122000,501,1
2023HU0848661,2,102,50,1,2,16,3,85000,107200,501,1
2023HU1160527,3,102,8,1,1,6,5,,,501,
2023GQ0097032,1,102,22,1,2,16,5,0,40000,259,1
2023HU0749342,4,102,0,1,1,,5,,,501,
2023HU1141425,1,106,29,1,1,24,5,60000,60000,383,1
2023HU0906187,1,102,46,2,2,21,3,130000,140000,501,1
2023HU0310205,2,102,40,2,6,21,1,100000,100000,501,1
2023HU0840361,5,105,23,1,9,16,5,35000,35000,501,1
2023HU1055170,4,103,9,2,1,6,5,,,501,
2023HU0497489,6,102,11,1,9,9,5,,,128,
2023HU0326496,3,105,1,1,9,,5,,,501,
2023HU0254024,1,103,31,2,1,23,1,75000,75080,501,1
2023HU1157655,3,103,11,2,9,8,5,,,301,
2023HU0122405,4,104,7,1,2,5,5,,,16,
2023HU0381758,1,104,67,2,2,21,5,0,12700,90,6
2023HU0479953,3,103,0,1,1,,5,,,501,
2023GQ0049024,1,106,21,2,1,19,5,2300,2300,,1
2023HU0690045,1,103,40,1,1,24,1,77000,77060,501,1
2023HU0591695,2,101,55,1,1,23,1,328000,328000,501,1
2023HU0610084,2,106,26,2,6,22,1,92000,92000,501,1
2023GQ0049018,1,105,66,1,2,1,5,0,23300,165,6
2023HU0750110,1,102,85,2,2,23,3,0,86700,501,6
2023GQ0006700,1,101,20,2,1,19,5,5500,5500,,1
2023HU1087979,1,105,69,1,8,17,2,0,3000,21,1
2023HU1226383,1,104,43,2,2,21,1,65000,65000,501,1
2023HU0192353,1,105,28,2,1,22,5,5000,5000,32,1
2023HU0190948,1,102,60,2,1,22,5,206000,213300,501,1
2023HU1107276,2,103,38,1,6,22,1,200000,230000,501,3
2023HU1285071,1,105,29,2,1,23,5,200000,200000,501,1
2023HU0277465,1,101,80,2,1,23,5,0,258700,501,6
2023GQ0156330,1,105,18,2,2,16,5,5100,5100,,1
2023HU0329807,1,106,81,1,1,23,3,0,110400,501,6
2023HU1368905,1,105,44,1,6,23,5,70000,71000,460,1
2023HU0791282,4,106,1,2,9,,5,,,425,
2023HU0637457,2,105,55,1,1,23,1,870000,875000,501,1
2023HU0115699,2,103,32,1,2,16,5,7600,7600,291,1
2023HU0273130,1,103,45,1,1,21,1,0,45000,501,1
2023HU0829025,1,102,79,2,2,21,2,0,18000,397,6
2023HU0732965,2,103,78,2,6,24,1,0,14000,219,6
2023HU0220861,4,102,4,2,2,1,5,,,501,
2023HU1108876,1,102,54,2,1,22,3,80000,80000,501,1
2023HU0269869,3,102,4,2,9,1,5,,,501,
2023HU0398947,4,101,25,1,1,21,5,0,10500,501,6
2023GQ0007349,1,102,18,2,9,18,5,1200,1200,,6
2023GQ0079755,1,101,20,2,2,19,5,5000,5000,,1
2023HU0916069,1,103,58,2,1,23,5,86000,153000,501,1
2023HU1337879,1,105,54,1,1,23,3,310000,310000,501,1
2023HU0967042,2,105,9,2,2,6,5,,,1,
2023HU0445300,1,106,31,2,1,22,5,103000,103000,501,1
2023HU0075335,4,105,2,1,1,,5,,,501,
2023HU0059796,4,101,88,2,6,20,1,0,45000,501,6
2023GQ0028032,1,102,39,1,1,23,5,35000,45000,290,1
2023HU0289772,2,101,57,1,1,22,1,100000,100000,491,1
2023HU0860634,1,106,64,2,2,14,5,0,5500,35,6
2023HU1306662,3,103,2,1,1,,5,,,501,
2023HU0402576,1,101,34,1,1,21,1,137000,139000,501,1
2023HU0570563,2,103,68,1,1,22,1,0,358000,501,6
2023HU0228539,1,106,25,2,1,21,5,71000,71000,464,1
2023HU0354786,1,101,29,1,1,22,5,140000,140000,501,1
2023HU0751327,3,101,9,1,1,7,5,,,501,
2023HU0336560,2,103,66,2,1,23,1,0,98500,501,6
2023HU0687287,1,102,34,1,1,21,1,147000,149000,501,1
2023GQ0008194,1,103,19,1,2,18,5,32000,47000,,1
2023HU0606554,5,101,0,1,1,,5,,,501,
2023HU1037522,1,101,34,1,1,22,1,280000,282000,501,1
2023GQ0144903,1,106,21,1,1,19,5,12700,12700,,6
2023HU0731662,1,106,38,2,1,21,5,135000,144000,501,1
2023HU0677177,2,104,34,1,2,15,5,0,7300,137,6
2023HU0065742,1,104,70,2,2,16,2,0,19500,134,6
2023HU0676214,1,101,64,2,1,22,1,0,0,501,6
2023HU0907436,2,102,56,2,2,21,1,86000,86000,501,1
2023HU0802959,1,106,26,2,1,21,5,60000,62000,392,1
2023HU1126412,1,101,83,2,6,22,1,0,74000,501,6
2023HU0349049,2,103,31,2,1,21,5,30000,32000,208,1
2023GQ0032106,1,101,19,2,6,19,5,8000,8000,,1
2023HU0233309,3,101,11,1,9,8,5,,,501,
2023HU0207999,1,104,62,1,2,21,3,45000,45100,286,1
2023HU1373748,3,102,1,2,9,,5,,,501,
2023HU0052215,1,103,66,1,2,22,3,158000,158000,501,1
2023HU0382729,2,101,28,2,6,21,5,93000,93000,501,1
2023HU0815236,5,102,42,1,2,15,5,0,0,280,3
2023HU0785099,1,105,35,2,6,21,2,80000,80000,501,1
2023HU1171714,1,101,40,1,1,23,1,150000,156000,501,1
2023HU0517077,1,102,48,2,8,16,5,42000,42000,265,1
2023HU0402798,2,101,50,1,1,21,1,870000,870000,501,1
2023HU1097379,1,106,35,1,8,22,1,10000,10000,58,1
2023HU1055170,3,103,12,1,1,9,5,,,501,
2023HU1102473,1,105,34,1,1,22,1,225000,225000,501,1
2023HU0434035,1,106,40,2,1,22,5,116000,116000,501,1
2023HU1279022,1,102,70,2,2,18,1,0,16800,294,6
2023HU0891147,1,104,60,1,2,16,3,0,90000,501,1
2023HU0365386,3,101,2,1,1,,5,,,501,
2023HU0121427,1,106,24,2,1,22,5,6000,6000,38,6
2023HU1333056,3,103,11,2,1,8,5,,,501,
2023HU0956775,1,106,30,1,9,22,1,73000,76630,501,1
2023HU1356925,4,103,0,2,1,,5,,,501,
2023HU0411859,1,103,35,2,1,23,5,79000,139000,501,1
2023HU0819855,2,101,43,2,9,22,1,100000,100000,501,1
2023HU0044977,2,103,37,1,9,22,5,135000,135000,501,1
2023HU0198884,1,102,34,2,1,21,5,65000,66120,501,1
2023HU0144021,3,102,33,2,2,16,1,25000,25000,429,1
2023HU1104053,1,102,41,1,9,19,5,71000,71500,463,1
2023HU0788928,2,104,59,1,2,21,1,125000,126400,501,1
2023HU1426847,1,105,36,1,1,22,5,220000,220000,501,1
2023HU1300858,5,102,62,1,2,22,1,70000,70000,447,1
2023HU0805660,3,102,15,2,8,11,5,0,0,501,
2023HU0476870,1,106,30,2,1,24,1,144000,144200,501,1
2023HU1252837,1,104,60,1,2,10,5,0,8000,51,3
2023HU0699641,1,106,67,2,2,21,3,0,0,0,6
2023HU1308214,2,103,44,2,1,21,1,160000,160000,501,1
2023HU0456289,2,104,58,2,2,18,1,148000,148000,501,1
2023HU0277671,1,103,33,2,1,23,1,88000,88000,501,1
2023HU1233862,3,103,47,1,1,3,5,0,17330,501,6
2023HU0924509,4,101,2,2,1,,5,,,501,
2023HU0460133,2,103,44,2,2,14,1,29100,29250,294,1
2023HU0989237,3,102,17,1,8,1,5,0,0,294,6
2023HU0349159,3,104,11,2,2,8,5,,,501,
2023HU0649735,1,105,40,2,1,22,5,90000,100000,501,1
2023HU1337503,1,104,29,2,2,17,5,300,9900,32,2
2023HU0445280,2,102,24,2,9,21,5,80000,80000,501,1
2023HU0393231,1,106,33,1,1,21,3,205000,207300,501,1
2023HU1079167,2,102,47,2,8,1,1,96000,96000,501,1
2023HU0402576,3,101,0,2,1,,5,,,501,
2023GQ0092910,1,103,20,2,1,16,5,2500,2500,,1
2023HU1233862,1,103,77,1,1,22,1,0,166900,501,1
2023HU0877564,4,103,11,2,1,9,5,,,501,
2023HU1195596,1,101,77,1,1,23,1,0,120500,501,1
2023HU1349060,5,106,1,1,1,,5,,,501,
2023HU0819855,1,101,45,1,1,22,1,70000,71000,501,1
2023GQ0082063,1,101,74,1,2,16,5,0,3000,,6
2023HU0206110,1,105,61,1,1,22,1,870000,875000,501,1
2023HU1294568,1,101,81,1,1,22,1,0,95700,501,6
2023HU1031614,3,103,2,2,1,,5,,,501,
2023HU0043097,1,103,45,1,2,22,5,157000,157000,501,1
2023HU0391390,1,104,78,2,2,16,2,0,19200,133,6
2023HU0051206,4,102,12,1,2,9,5,,,501,
2023HU1305590,2,106,77,2,1,22,1,0,20000,501,6
2023HU0273244,2,101,47,1,1,22,5,90000,90000,501,1
2023HU0639457,1,104,37,1,2,19,3,0,0,0,3
2023HU1157056,1,106,41,1,1,23,1,225000,225050,501,1
2023HU0628777,1,101,26,1,3,19,5,51000,51000,328,1
2023HU1198779,1,105,32,1,1,21,5,210000,210000,501,1
2023HU0007933,2,102,35,2,1,21,5,115000,115000,501,1
2023GQ0153067,1,103,75,1,2,16,5,0,22800,,6
2023HU0765972,2,101,59,2,1,21,1,7000,7000,501,1
2023HU1416312,3,103,0,2,1,,5,,,501,
2023HU1193271,2,106,24,2,9,21,5,80000,80000,501,1
2023HU1376167,1,101,34,2,1,22,1,70000,70000,501,1
2023HU0208950,1,101,40,1,1,22,1,325000,330000,501,1
2023HU0048881,3,105,0,2,1,,5,,,501,
2023HU0220861,5,102,14,1,2,11,5,,,501,
2023HU1409963,1,104,36,1,1,19,5,215000,215000,501,2
2023HU0173463,1,106,44,2,1,21,5,97000,97000,501,1
2023HU0173495,1,106,29,2,1,24,5,200000,200000,501,1
2023HU0563989,1,101,46,2,9,21,5,95000,95000,501,1
2023HU0700373,1,106,65,1,2,17,3,0,6000,41,6
2023HU0460587,1,102,35,2,1,22,1,93000,95500,501,1
2023HU0268726,3,103,8,2,2,5,5,,,501,
2023HU1402663,1,106,46,1,1,21,1,170000,170000,501,1
2023HU0077520,1,101,76,2,1,22,5,0,42000,290,6
2023HU0171455,3,103,3,1,9,1,5,,,501,
2023HU0435083,3,102,17,2,8,14,5,0,0,411,6
2023HU1041610,2,101,71,1,1,24,1,102000,172500,501,1
2023HU1230928,1,101,44,1,1,23,1,154000,155300,501,1
2023HU1176958,1,102,32,2,1,19,1,0,0,501,6
2023HU0078597,3,102,2,1,1,,5,,,501,
2023HU0130513,1,106,25,2,1,21,5,75000,75000,481,1
2023HU0099678,2,102,1,2,2,,5,,,207,
2023HU1443384,1,103,59,2,1,21,1,0,110,501,6
2023HU1038852,3,103,25,1,2,16,5,400,400,108,1
2023GQ0152193,1,102,19,2,9,19,5,6000,6000,,1
2023HU0031673,1,101,28,2,2,16,5,20000,20000,127,1
2023HU0355338,6,102,13,1,8,10,5,,,501,
2023HU0409126,2,104,28,2,1,21,5,30000,39100,253,1
2023HU0056351,3,103,2,1,1,,5,,,285,
2023HU0539631,1,106,64,2,1,24,5,0,106600,501,6
2023HU0147951,1,104,71,2,2,21,3,8000,40000,282,1
2023HU1342808,1,106,85,2,2,19,2,0,2200,15,6
2023HU0387373,1,102,44,2,1,22,1,0,47000,501,1
2023HU0608966,1,103,58,2,2,22,2,104000,104000,501,1
2023HU0315721,1,102,46,2,2,22,5,87000,87000,286,1
2023HU0650931,3,103,27,1,1,21,5,63000,63200,501,1
2023HU0829926,1,106,29,1,1,23,5,136000,136000,501,1
2023HU0819369,1,104,28,2,9,16,5,2200,2200,13,6
2023HU0553305,3,102,0,2,1,,5,,,501,
2023HU0815236,4,102,48,2,2,12,5,0,0,280,6
2023HU0819930,4,105,5,2,1,3,5,,,491,
2023HU0146450,2,101,81,1,1,24,1,0,315800,501,6
2023HU0509718,2,104,52,2,1,16,5,90000,90000,501,1
2023HU0035222,1,102,39,2,2,16,1,0,12500,235,6
2023HU1074732,1,102,36,2,1,23,1,145000,165000,501,1
2023HU0470963,1,106,25,1,1,21,1,107000,128280,501,1
2023HU1290147,5,102,45,1,2,19,3,90000,90000,501,1
2023HU0177504,1,102,35,2,1,22,1,166000,166000,501,1
2023HU0309490,2,101,69,2,6,20,1,28000,78800,501,1
2023HU0085193,1,102,82,2,2,16,1,0,3700,53,6
2023HU0886446,1,102,31,2,1,21,1,112000,124000,501,1
2023HU0305644,1,104,39,1,2,16,3,23000,23000,145,3
2023HU0550871,1,102,49,2,9,22,5,87000,87000,501,1
2023HU0832928,1,102,43,1,1,21,1,150000,150000,501,1
2023HU1115274,2,105,25,2,1,21,5,50000,50000,321,1
2023HU0640071,2,105,35,2,1,22,1,0,11000,501,2
2023HU0867274,1,106,63,2,1,21,3,0,109000,501,1
2023HU0602321,1,106,34,1,1,21,5,123000,147500,501,1
2023HU1096140,3,104,6,2,2,3,5,,,501,
2023HU0229332,1,106,27,1,1,21,5,102000,102000,501,1
2023HU0804640,1,105,69,1,1,21,5,0,36600,252,6
2023GQ0126379,1,106,19,1,9,19,5,5400,5400,,3
2023HU0401753,1,105,70,1,2,19,1,0,24000,294,6
2023HU1208667,4,105,1,1,9,,5,,,501,
2023HU0230484,9,106,71,2,2,16,2,0,2500,89,6
2023HU0946598,1,101,62,2,1,22,1,99000,221000,501,1
2023HU0379711,4,101,11,2,1,9,5,,,501,
2023HU1019123,1,103,57,1,2,16,3,0,11000,70,6
2023HU0673383,3,106,22,1,1,21,5,76000,76700,498,1
2023HU0693854,1,103,80,1,1,23,1,0,70000,501,6
2023HU0371901,4,102,3,2,8,2,5,,,501,
2023HU0445698,1,102,31,2,1,22,1,105000,105000,501,1
2023HU0621522,1,104,38,2,2,11,5,0,0,0,6
2023HU0729989,3,103,94,2,2,16,2,0,10900,501,6
2023HU0402798,3,101,9,2,1,6,5,,,501,
2023HU0355880,1,102,35,1,1,22,1,66000,68000,501,1
2023HU1011945,1,103,41,1,1,21,3,138000,148000,501,1
2023HU1446641,3,104,8,2,2,4,5,,,501,
2023HU0901122,1,105,25,2,2,22,5,52000,52000,338,1
2023HU1393013,1,105,43,2,1,23,3,340000,340050,501,1
2023HU0570704,3,103,8,2,9,5,5,,,501,
2023HU1134295,1,105,29,2,1,22,1,80000,80000,501,1
2023HU0875370,2,103,34,1,1,23,1,186000,186200,501,1
2023HU0342496,2,101,30,1,1,21,5,75000,75000,481,1
2023GQ0085904,1,106,23,1,1,18,5,3400,3400,,1
2023HU1085215,1,106,85,1,1,24,1,0,80100,501,6
2023HU1138381,4,101,13,1,1,10,5,,,501,
2023HU0923700,2,104,52,2,2,20,5,153000,153000,501,1
2023HU0579038,1,103,34,1,8,17,5,60000,60000,388,1
2023HU1299810,2,106,31,2,1,21,1,150000,150000,501,1
2023HU0834205,1,102,36,2,2,23,5,89000,94000,501,1
2023HU0094590,1,102,94,2,2,18,2,0,123000,501,6
2023GQ0159715,1,103,59,1,2,1,5,0,0,0,6
2023GQ0013143,1,103,52,1,2,17,1,0,0,,6
2023HU1090801,3,105,28,2,1,22,5,89000,89000,501,2
2023HU0386448,3,103,1,2,1,,5,,,501,
2023HU0359020,1,103,34,2,1,21,1,135000,135000,501,1
2023HU0137564,2,104,66,1,2,16,3,60000,68000,501,1
2023HU0905520,1,103,29,1,2,20,3,29900,46900,298,1
2023HU0379098,2,101,66,2,1,21,1,0,2700,501,6
2023HU0762161,1,101,56,2,1,22,3,250000,250000,501,1
2023HU0877644,1,101,53,2,6,22,1,120000,120000,395,1
